Id,Activity Date,Total Steps,Total Distance,Tracker Distance,Logged Activities Distance,Very Active Distance,Moderately Active Distance,Light Active Distance,Sedentary Active Distance,Very Active Minutes,Fairly Active Minutes,Lightly Active Minutes,Sedentary Minutes,Total Active Minutes ,Calories,Check,Check minute totals vs day limits,ID_Date
1503960366,3/25/2016,11004,7.11,7.11,0.00,2.57,0.46,4.07,0.00,33.00,12.00,205.00,804.00,1021.00,1819.00,Keep,Check,1503960366_03/25/2016
1503960366,3/26/2016,17609,11.55,11.55,0.00,6.92,0.73,3.91,0.00,89.00,17.00,274.00,588.00,879.00,2154.00,Keep,Check,1503960366_03/26/2016
1503960366,3/27/2016,12736,8.53,8.53,0.00,4.66,0.16,3.71,0.00,56.00,5.00,268.00,605.00,878.00,1944.00,Keep,Check,1503960366_03/27/2016
1503960366,3/28/2016,13231,8.93,8.93,0.00,3.19,0.79,4.95,0.00,39.00,20.00,224.00,1080.00,1324.00,1932.00,Keep,Check,1503960366_03/28/2016
1503960366,3/29/2016,12041,7.85,7.85,0.00,2.16,1.09,4.61,0.00,28.00,28.00,243.00,763.00,1034.00,1886.00,Keep,Check,1503960366_03/29/2016
1503960366,3/30/2016,10970,7.16,7.16,0.00,2.36,0.51,4.29,0.00,30.00,13.00,223.00,1174.00,1410.00,1820.00,Keep,Check,1503960366_03/30/2016
1503960366,3/31/2016,12256,7.86,7.86,0.00,2.29,0.49,5.04,0.00,33.00,12.00,239.00,820.00,1071.00,1889.00,Keep,Check,1503960366_03/31/2016
1503960366,4/1/2016,12262,7.87,7.87,0.00,3.32,0.83,3.64,0.00,47.00,21.00,200.00,866.00,1087.00,1868.00,Keep,Check,1503960366_04/01/2016
1503960366,4/2/2016,11248,7.25,7.25,0.00,3.00,0.45,3.74,0.00,40.00,11.00,244.00,636.00,891.00,1843.00,Keep,Check,1503960366_04/02/2016
1503960366,4/3/2016,10016,6.37,6.37,0.00,0.91,1.28,4.18,0.00,15.00,30.00,314.00,655.00,999.00,1850.00,Keep,Check,1503960366_04/03/2016
1503960366,4/4/2016,14557,9.80,9.80,0.00,3.39,0.70,5.69,0.00,43.00,18.00,285.00,757.00,1060.00,2030.00,Keep,Check,1503960366_04/04/2016
1503960366,4/5/2016,14844,9.73,9.73,0.00,2.94,0.76,6.04,0.00,36.00,18.00,341.00,736.00,1095.00,2083.00,Keep,Check,1503960366_04/05/2016
1503960366,4/6/2016,11974,7.67,7.67,0.00,2.04,0.48,5.15,0.00,27.00,12.00,228.00,1173.00,1413.00,1861.00,Keep,Check,1503960366_04/06/2016
1503960366,4/7/2016,10198,6.44,6.44,0.00,1.20,0.79,4.45,0.00,17.00,20.00,195.00,1208.00,1423.00,1755.00,Keep,Check,1503960366_04/07/2016
1503960366,4/8/2016,12521,7.94,7.94,0.00,3.31,0.90,3.74,0.00,46.00,22.00,212.00,1160.00,1394.00,1895.00,Keep,Check,1503960366_04/08/2016
1503960366,4/9/2016,12432,8.10,8.10,0.00,2.59,0.59,4.92,0.00,32.00,15.00,248.00,738.00,1001.00,1883.00,Keep,Check,1503960366_04/09/2016
1503960366,4/10/2016,10057,6.98,6.98,0.00,4.00,0.49,2.48,0.00,44.00,13.00,168.00,737.00,918.00,1755.00,Keep,Check,1503960366_04/10/2016
1503960366,4/11/2016,10990,7.26,7.26,0.00,2.04,0.57,4.65,0.00,26.00,14.00,216.00,855.00,1085.00,1811.00,Keep,Check,1503960366_04/11/2016
1503960366,4/12/2016,224,0.14,0.14,0.00,0.00,0.00,0.13,0.00,0.00,0.00,9.00,32.00,41.00,50.00,Keep,OK,1503960366_04/12/2016
1624580081,3/25/2016,1810,1.18,1.18,0.00,0.00,0.00,1.13,0.01,0.00,0.00,121.00,1319.00,1440.00,1373.00,Keep,Check,1624580081_03/25/2016
1624580081,3/26/2016,815,0.53,0.53,0.00,0.00,0.00,0.53,0.00,0.00,0.00,47.00,1393.00,1440.00,1264.00,Keep,Check,1624580081_03/26/2016
1624580081,3/27/2016,1985,1.29,1.29,0.00,0.00,0.00,1.28,0.01,0.00,0.00,112.00,1328.00,1440.00,1350.00,Keep,Check,1624580081_03/27/2016
1624580081,3/28/2016,1905,1.24,1.24,0.00,0.00,0.00,1.24,0.00,0.00,0.00,95.00,1345.00,1440.00,1342.00,Keep,Check,1624580081_03/28/2016
1624580081,3/29/2016,1552,1.01,1.01,0.00,0.00,0.00,1.00,0.00,0.00,0.00,66.00,1374.00,1440.00,1300.00,Keep,Check,1624580081_03/29/2016
1624580081,3/30/2016,1675,1.09,1.09,0.00,0.00,0.00,1.09,0.00,0.00,0.00,84.00,1356.00,1440.00,1313.00,Keep,Check,1624580081_03/30/2016
1624580081,3/31/2016,4506,2.93,2.93,0.00,0.51,0.27,2.15,0.01,7.00,4.00,144.00,1285.00,1433.00,1498.00,Keep,Check,1624580081_03/31/2016
1624580081,4/1/2016,9218,5.99,5.99,0.00,0.00,0.00,5.97,0.01,0.00,0.00,221.00,1219.00,1440.00,1541.00,Keep,Check,1624580081_04/01/2016
1624580081,4/2/2016,1556,1.01,1.01,0.00,0.00,0.00,1.01,0.01,0.00,0.00,88.00,1352.00,1440.00,1327.00,Keep,Check,1624580081_04/02/2016
1624580081,4/3/2016,2910,1.89,1.89,0.00,0.00,0.00,1.88,0.01,0.00,0.00,157.00,1283.00,1440.00,1452.00,Keep,Check,1624580081_04/03/2016
1624580081,4/4/2016,18464,12.00,12.00,0.00,0.00,0.00,12.00,0.00,0.00,0.00,270.00,1170.00,1440.00,1574.00,Keep,Check,1624580081_04/04/2016
1624580081,4/5/2016,1335,0.87,0.87,0.00,0.00,0.00,0.87,0.00,0.00,0.00,74.00,1366.00,1440.00,1308.00,Keep,Check,1624580081_04/05/2016
1624580081,4/6/2016,1004,0.65,0.65,0.00,0.00,0.00,0.65,0.00,0.00,0.00,55.00,1385.00,1440.00,1276.00,Keep,Check,1624580081_04/06/2016
1624580081,4/7/2016,1111,0.72,0.72,0.00,0.00,0.00,0.72,0.00,0.00,0.00,54.00,1386.00,1440.00,1278.00,Keep,Check,1624580081_04/07/2016
1624580081,4/8/2016,6344,4.12,4.12,0.00,0.00,0.00,4.10,0.00,0.00,0.00,143.00,1297.00,1440.00,1409.00,Keep,Check,1624580081_04/08/2016
1624580081,4/9/2016,3572,2.32,2.32,0.00,0.00,0.00,2.29,0.03,0.00,0.00,122.00,1318.00,1440.00,1370.00,Keep,Check,1624580081_04/09/2016
1624580081,4/10/2016,3910,2.54,2.54,0.00,0.47,0.25,1.81,0.01,7.00,7.00,186.00,1240.00,1433.00,1555.00,Keep,Check,1624580081_04/10/2016
1624580081,4/11/2016,10000,6.50,6.50,0.00,0.00,0.00,6.50,0.00,0.00,0.00,172.00,1268.00,1440.00,1469.00,Keep,Check,1624580081_04/11/2016
1624580081,4/12/2016,6627,4.31,4.31,0.00,0.00,0.00,4.31,0.00,0.00,0.00,89.00,604.00,693.00,706.00,Keep,OK,1624580081_04/12/2016
1644430081,4/1/2016,4636,3.41,3.41,0.00,0.00,0.78,2.60,0.03,0.00,16.00,586.00,838.00,1440.00,3323.00,Keep,Check,1644430081_04/01/2016
1644430081,4/2/2016,20237,14.71,14.71,0.00,2.57,6.40,5.73,0.01,34.00,141.00,347.00,918.00,1406.00,4029.00,Keep,Check,1644430081_04/02/2016
1644430081,4/3/2016,12912,9.41,9.41,0.00,4.83,0.77,3.79,0.03,59.00,16.00,283.00,1082.00,1381.00,3436.00,Keep,Check,1644430081_04/03/2016
1644430081,4/4/2016,2819,2.05,2.05,0.00,0.31,0.17,1.56,0.01,4.00,4.00,87.00,1345.00,1436.00,2444.00,Keep,Check,1644430081_04/04/2016
1644430081,4/5/2016,9921,7.21,7.21,0.00,0.34,1.52,5.36,0.00,5.00,35.00,219.00,1181.00,1435.00,3098.00,Keep,Check,1644430081_04/05/2016
1644430081,4/6/2016,8046,5.85,5.85,0.00,1.29,2.12,2.45,0.00,18.00,41.00,137.00,1244.00,1422.00,2925.00,Keep,Check,1644430081_04/06/2016
1644430081,4/7/2016,11166,8.12,8.12,0.00,0.21,2.41,5.50,0.00,3.00,58.00,230.00,1149.00,1437.00,3202.00,Keep,Check,1644430081_04/07/2016
1644430081,4/8/2016,7842,5.70,5.70,0.00,0.48,2.41,2.81,0.00,7.00,43.00,161.00,1229.00,1433.00,2928.00,Keep,Check,1644430081_04/08/2016
1644430081,4/9/2016,13840,10.06,10.06,0.00,1.31,3.72,5.03,0.00,18.00,81.00,192.00,1149.00,1422.00,3290.00,Keep,Check,1644430081_04/09/2016
1644430081,4/10/2016,1329,0.97,0.97,0.00,0.00,0.00,0.97,0.00,0.00,0.00,35.00,207.00,242.00,489.00,Keep,OK,1644430081_04/10/2016
1844505072,4/1/2016,6847,4.53,4.53,0.00,0.61,0.37,3.55,0.00,9.00,9.00,251.00,1171.00,1431.00,1969.00,Keep,Check,1844505072_04/01/2016
1844505072,4/2/2016,5367,3.55,3.55,0.00,0.00,0.00,3.55,0.00,0.00,0.00,263.00,1177.00,1440.00,1889.00,Keep,Check,1844505072_04/02/2016
1844505072,4/3/2016,2841,1.88,1.88,0.00,0.00,0.00,1.88,0.00,0.00,0.00,136.00,1114.00,1250.00,1636.00,Keep,Check,1844505072_04/03/2016
1844505072,4/7/2016,6344,4.19,4.19,0.00,0.00,0.00,4.19,0.00,0.00,0.00,290.00,1150.00,1440.00,1965.00,Keep,Check,1844505072_04/07/2016
1844505072,4/8/2016,5316,3.51,3.51,0.00,0.00,0.00,3.51,0.00,0.00,0.00,221.00,1219.00,1440.00,1824.00,Keep,Check,1844505072_04/08/2016
1844505072,4/9/2016,4979,3.29,3.29,0.00,0.00,0.00,3.29,0.00,0.00,0.00,184.00,620.00,804.00,1807.00,Keep,OK,1844505072_04/09/2016
1844505072,4/10/2016,6556,4.34,4.34,0.00,0.00,0.00,4.33,0.00,0.00,0.00,305.00,810.00,1115.00,1971.00,Keep,Check,1844505072_04/10/2016
1844505072,4/11/2016,5430,3.59,3.59,0.00,0.00,0.00,3.59,0.00,0.00,0.00,251.00,1189.00,1440.00,1888.00,Keep,Check,1844505072_04/11/2016
1927972279,4/1/2016,4317,2.99,2.99,0.00,0.00,0.37,2.62,0.00,0.00,11.00,192.00,854.00,1057.00,2590.00,Keep,Check,1927972279_04/01/2016
1927972279,4/2/2016,5662,3.92,3.92,0.00,0.00,0.00,3.92,0.00,0.00,0.00,267.00,858.00,1125.00,2783.00,Keep,Check,1927972279_04/02/2016
1927972279,4/3/2016,3198,2.21,2.21,0.00,0.00,0.00,2.21,0.00,0.00,0.00,146.00,1183.00,1329.00,2449.00,Keep,Check,1927972279_04/03/2016
1927972279,4/4/2016,2352,1.63,1.63,0.00,0.00,0.00,1.63,0.00,0.00,0.00,128.00,829.00,957.00,2380.00,Keep,Check,1927972279_04/04/2016
1927972279,4/5/2016,2234,1.55,1.55,0.00,0.00,0.00,1.55,0.00,0.00,0.00,108.00,912.00,1020.00,2344.00,Keep,Check,1927972279_04/05/2016
1927972279,4/6/2016,1259,0.87,0.87,0.00,0.00,0.00,0.87,0.00,0.00,0.00,73.00,938.00,1011.00,2202.00,Keep,Check,1927972279_04/06/2016
1927972279,4/7/2016,768,0.53,0.53,0.00,0.00,0.00,0.53,0.00,0.00,0.00,43.00,1397.00,1440.00,2130.00,Keep,Check,1927972279_04/07/2016
1927972279,4/8/2016,519,0.36,0.36,0.00,0.00,0.00,0.36,0.00,0.00,0.00,34.00,1406.00,1440.00,2088.00,Keep,Check,1927972279_04/08/2016
1927972279,4/9/2016,2523,1.75,1.75,0.00,0.00,0.37,1.38,0.00,0.00,9.00,134.00,1250.00,1393.00,2443.00,Keep,Check,1927972279_04/09/2016
1927972279,4/10/2016,2105,1.46,1.46,0.00,0.00,0.00,1.46,0.00,0.00,0.00,139.00,805.00,944.00,2442.00,Keep,Check,1927972279_04/10/2016
1927972279,4/11/2016,1209,0.84,0.84,0.00,0.00,0.00,0.84,0.00,0.00,0.00,73.00,842.00,915.00,2255.00,Keep,Check,1927972279_04/11/2016
1927972279,4/12/2016,24,0.02,0.02,0.00,0.00,0.00,0.02,0.00,0.00,0.00,3.00,161.00,164.00,942.00,Keep,OK,1927972279_04/12/2016
2022484408,4/1/2016,13603,9.60,9.60,0.00,5.46,0.63,3.51,0.00,72.00,16.00,213.00,1139.00,1368.00,2645.00,Keep,Check,2022484408_04/01/2016
2022484408,4/2/2016,5477,3.84,3.84,0.00,0.00,0.00,3.84,0.00,0.00,0.00,237.00,1203.00,1440.00,2040.00,Keep,Check,2022484408_04/02/2016
2022484408,4/3/2016,11144,7.82,7.82,0.00,1.79,0.89,5.14,0.00,25.00,22.00,279.00,1114.00,1415.00,2395.00,Keep,Check,2022484408_04/03/2016
2022484408,4/4/2016,15313,11.00,11.00,0.00,5.02,1.29,4.69,0.00,62.00,19.00,233.00,1126.00,1378.00,2581.00,Keep,Check,2022484408_04/04/2016
2022484408,4/5/2016,10805,7.59,7.59,0.00,0.72,0.98,5.89,0.00,36.00,37.00,298.00,1069.00,1404.00,2735.00,Keep,Check,2022484408_04/05/2016
2022484408,4/6/2016,15392,10.93,10.93,0.00,3.43,1.75,5.75,0.00,47.00,42.00,258.00,1093.00,1393.00,2733.00,Keep,Check,2022484408_04/06/2016
2022484408,4/7/2016,18247,13.83,13.83,0.00,7.11,2.21,4.51,0.00,72.00,62.00,252.00,1054.00,1368.00,3021.00,Keep,Check,2022484408_04/07/2016
2022484408,4/8/2016,13023,9.26,9.26,0.00,3.23,0.56,5.47,0.00,40.00,12.00,296.00,1092.00,1400.00,2577.00,Keep,Check,2022484408_04/08/2016
2022484408,4/9/2016,16267,12.59,12.59,0.00,5.75,0.47,6.37,0.00,44.00,16.00,302.00,1078.00,1396.00,2811.00,Keep,Check,2022484408_04/09/2016
2022484408,4/10/2016,10005,7.02,7.02,0.00,0.08,1.05,5.90,0.00,1.00,23.00,339.00,1077.00,1439.00,2458.00,Keep,Check,2022484408_04/10/2016
2022484408,4/11/2016,10106,7.09,7.09,0.00,1.21,0.56,5.33,0.00,41.00,16.00,272.00,1111.00,1399.00,2568.00,Keep,Check,2022484408_04/11/2016
2022484408,4/12/2016,6717,4.72,4.72,0.00,3.23,0.22,1.27,0.00,41.00,5.00,67.00,551.00,623.00,1140.00,Keep,OK,2022484408_04/12/2016
2026352035,4/1/2016,2605,1.62,1.62,0.00,0.00,0.00,1.62,0.00,0.00,0.00,166.00,729.00,895.00,1407.00,Keep,Check,2026352035_04/01/2016
2026352035,4/2/2016,1229,0.76,0.76,0.00,0.00,0.00,0.76,0.00,0.00,0.00,69.00,795.00,864.00,1237.00,Keep,Check,2026352035_04/02/2016
2026352035,4/3/2016,2308,1.43,1.43,0.00,0.00,0.00,1.43,0.00,0.00,0.00,115.00,720.00,835.00,1330.00,Keep,Check,2026352035_04/03/2016
2026352035,4/4/2016,6679,4.14,4.14,0.00,0.00,0.00,4.14,0.00,0.00,0.00,263.00,644.00,907.00,1583.00,Keep,Check,2026352035_04/04/2016
2026352035,4/5/2016,5645,3.50,3.50,0.00,0.00,0.00,3.50,0.00,0.00,0.00,248.00,621.00,869.00,1538.00,Keep,Check,2026352035_04/05/2016
2026352035,4/6/2016,3180,1.97,1.97,0.00,0.00,0.00,1.97,0.00,0.00,0.00,185.00,738.00,923.00,1421.00,Keep,Check,2026352035_04/06/2016
2026352035,4/7/2016,2767,1.72,1.72,0.00,0.00,0.00,1.72,0.00,0.00,0.00,170.00,673.00,843.00,1392.00,Keep,Check,2026352035_04/07/2016
2026352035,4/8/2016,3762,2.33,2.33,0.00,0.00,0.00,2.33,0.00,0.00,0.00,173.00,719.00,892.00,1425.00,Keep,Check,2026352035_04/08/2016
2026352035,4/9/2016,3098,1.92,1.92,0.00,0.00,0.00,1.92,0.00,0.00,0.00,185.00,700.00,885.00,1413.00,Keep,Check,2026352035_04/09/2016
2026352035,4/10/2016,5142,3.19,3.19,0.00,0.00,0.00,3.19,0.00,0.00,0.00,230.00,654.00,884.00,1515.00,Keep,Check,2026352035_04/10/2016
2026352035,4/11/2016,3279,2.03,2.03,0.00,0.00,0.00,2.03,0.00,0.00,0.00,164.00,694.00,858.00,1405.00,Keep,Check,2026352035_04/11/2016
2026352035,4/12/2016,1019,0.63,0.63,0.00,0.00,0.00,0.63,0.00,0.00,0.00,64.00,223.00,287.00,600.00,Keep,OK,2026352035_04/12/2016
2320127002,4/5/2016,4931,3.32,3.32,0.00,0.00,0.00,3.32,0.00,0.00,0.00,175.00,1265.00,1440.00,1708.00,Keep,Check,2320127002_04/05/2016
2320127002,4/6/2016,6999,4.72,4.72,0.00,0.00,0.00,4.72,0.00,0.00,0.00,320.00,1120.00,1440.00,1950.00,Keep,Check,2320127002_04/06/2016
2320127002,4/7/2016,1846,1.24,1.24,0.00,0.00,0.00,1.24,0.00,0.00,0.00,93.00,1347.00,1440.00,1508.00,Keep,Check,2320127002_04/07/2016
2320127002,4/8/2016,3417,2.30,2.30,0.00,0.00,0.00,2.30,0.00,0.00,0.00,153.00,1287.00,1440.00,1625.00,Keep,Check,2320127002_04/08/2016
2320127002,4/9/2016,4863,3.28,3.28,0.00,0.06,0.42,2.80,0.00,1.00,11.00,208.00,1220.00,1439.00,1772.00,Keep,Check,2320127002_04/09/2016
2320127002,4/10/2016,2277,1.53,1.53,0.00,0.00,0.00,1.53,0.00,0.00,0.00,103.00,1337.00,1440.00,1530.00,Keep,Check,2320127002_04/10/2016
2320127002,4/11/2016,11230,7.67,7.67,0.00,0.89,0.12,6.66,0.00,10.00,2.00,390.00,1038.00,1430.00,2206.00,Keep,Check,2320127002_04/11/2016
2320127002,4/12/2016,2098,1.41,1.41,0.00,0.00,0.00,1.41,0.00,0.00,0.00,69.00,617.00,686.00,790.00,Keep,OK,2320127002_04/12/2016
2347167796,3/29/2016,10272,6.79,6.79,0.00,0.16,3.12,3.50,0.00,2.00,58.00,208.00,700.00,966.00,2041.00,Keep,Check,2347167796_03/29/2016
2347167796,3/30/2016,10533,7.10,7.10,0.00,1.77,2.06,3.27,0.00,21.00,35.00,255.00,615.00,905.00,2187.00,Keep,Check,2347167796_03/30/2016
2347167796,3/31/2016,6760,4.47,4.47,0.00,0.00,0.00,4.47,0.00,0.00,0.00,250.00,613.00,863.00,1929.00,Keep,Check,2347167796_03/31/2016
2347167796,4/1/2016,8328,5.51,5.51,0.00,0.00,2.00,3.50,0.00,0.00,33.00,212.00,804.00,1049.00,1935.00,Keep,Check,2347167796_04/01/2016
2347167796,4/2/2016,15459,10.22,10.22,0.00,3.59,0.81,5.82,0.00,51.00,16.00,327.00,583.00,926.00,2438.00,Keep,Check,2347167796_04/02/2016
2347167796,4/3/2016,7485,4.95,4.95,0.00,0.00,0.00,4.95,0.00,0.00,0.00,324.00,491.00,815.00,2035.00,Keep,OK,2347167796_04/03/2016
2347167796,4/4/2016,10254,6.80,6.80,0.00,1.42,1.23,4.16,0.00,21.00,25.00,231.00,638.00,894.00,2099.00,Keep,Check,2347167796_04/04/2016
2347167796,4/5/2016,10114,6.82,6.82,0.00,1.64,0.48,4.68,0.00,18.00,9.00,269.00,696.00,974.00,2096.00,Keep,Check,2347167796_04/05/2016
2347167796,4/6/2016,11107,7.34,7.34,0.00,0.90,2.76,3.68,0.00,14.00,46.00,196.00,759.00,1001.00,2058.00,Keep,Check,2347167796_04/06/2016
2347167796,4/7/2016,10320,6.85,6.85,0.00,0.68,1.23,4.94,0.00,15.00,32.00,315.00,1002.00,1349.00,2338.00,Keep,Check,2347167796_04/07/2016
2347167796,4/8/2016,10209,6.75,6.75,0.00,0.16,0.35,6.23,0.00,2.00,6.00,316.00,711.00,1033.00,2104.00,Keep,Check,2347167796_04/08/2016
2347167796,4/9/2016,16081,10.63,10.63,0.00,1.25,1.82,7.56,0.00,16.00,32.00,401.00,970.00,1403.00,2488.00,Keep,Check,2347167796_04/09/2016
2347167796,4/10/2016,10078,6.83,6.83,0.00,1.02,0.12,5.69,0.00,12.00,3.00,303.00,463.00,769.00,2164.00,Keep,OK,2347167796_04/10/2016
2347167796,4/11/2016,10001,6.61,6.61,0.00,0.33,2.93,3.36,0.00,5.00,52.00,196.00,788.00,1036.00,2009.00,Keep,Check,2347167796_04/11/2016
2873212765,4/1/2016,890,0.60,0.60,0.00,0.00,0.00,0.60,0.00,0.00,0.00,41.00,1399.00,1440.00,1335.00,Keep,Check,2873212765_04/01/2016
2873212765,4/2/2016,2214,1.49,1.49,0.00,0.00,0.00,1.49,0.00,0.00,0.00,197.00,1243.00,1440.00,1559.00,Keep,Check,2873212765_04/02/2016
2873212765,4/3/2016,7640,5.13,5.13,0.00,0.19,0.80,4.15,0.00,3.00,15.00,315.00,1107.00,1437.00,1845.00,Keep,Check,2873212765_04/03/2016
2873212765,4/4/2016,9713,6.53,6.53,0.00,0.34,0.89,5.29,0.00,6.00,24.00,355.00,1055.00,1434.00,2046.00,Keep,Check,2873212765_04/04/2016
2873212765,4/5/2016,8432,5.67,5.67,0.00,0.00,0.00,5.65,0.01,0.00,0.00,374.00,1066.00,1440.00,1953.00,Keep,Check,2873212765_04/05/2016
2873212765,4/6/2016,7350,4.94,4.94,0.00,0.00,0.00,4.94,0.00,0.00,0.00,382.00,1058.00,1440.00,1910.00,Keep,Check,2873212765_04/06/2016
2873212765,4/7/2016,9353,6.31,6.31,0.00,0.37,0.69,5.24,0.00,5.00,17.00,363.00,1055.00,1435.00,2035.00,Keep,Check,2873212765_04/07/2016
2873212765,4/8/2016,7157,4.81,4.81,0.00,0.00,0.00,4.81,0.00,0.00,0.00,380.00,1060.00,1440.00,1944.00,Keep,Check,2873212765_04/08/2016
2873212765,4/9/2016,14103,9.56,9.56,0.00,3.02,0.41,6.14,0.01,46.00,8.00,288.00,1098.00,1394.00,2257.00,Keep,Check,2873212765_04/09/2016
2873212765,4/10/2016,5290,3.55,3.55,0.00,0.04,0.34,3.17,0.00,1.00,8.00,251.00,1180.00,1439.00,1724.00,Keep,Check,2873212765_04/10/2016
2873212765,4/11/2016,7497,5.04,5.04,0.00,0.00,0.00,5.04,0.00,0.00,0.00,357.00,882.00,1239.00,1741.00,Keep,Check,2873212765_04/11/2016
2873212765,4/12/2016,0,0.00,0.00,0.00,0.00,0.00,0.00,0.00,0.00,0.00,0.00,1440.00,1440.00,0.00,Keep,Check,2873212765_04/12/2016
2891001357,4/2/2016,4126,3.22,0.00,3.22,0.00,0.00,3.22,0.00,0.00,0.00,720.00,720.00,1440.00,2881.00,Keep,Check,2891001357_04/02/2016
2891001357,4/5/2016,2063,1.61,0.00,1.61,0.00,0.00,1.61,0.00,0.00,0.00,630.00,99.00,729.00,1144.00,Keep,OK,2891001357_04/05/2016
3372868164,4/1/2016,5785,3.95,3.95,0.00,0.00,0.00,3.91,0.04,0.00,0.00,311.00,1129.00,1440.00,1852.00,Keep,Check,3372868164_04/01/2016
3372868164,4/2/2016,7625,5.23,5.23,0.00,1.68,0.04,3.50,0.01,24.00,1.00,341.00,1074.00,1416.00,2069.00,Keep,Check,3372868164_04/02/2016
3372868164,4/3/2016,4706,3.21,3.21,0.00,0.00,0.00,3.21,0.00,0.00,0.00,299.00,1141.00,1440.00,1816.00,Keep,Check,3372868164_04/03/2016
3372868164,4/4/2016,5861,4.02,4.02,0.00,1.30,0.22,2.49,0.01,20.00,7.00,233.00,1180.00,1420.00,1878.00,Keep,Check,3372868164_04/04/2016
3372868164,4/5/2016,4460,3.04,3.04,0.00,0.00,0.00,3.02,0.03,0.00,0.00,248.00,1192.00,1440.00,1787.00,Keep,Check,3372868164_04/05/2016
3372868164,4/6/2016,6406,4.39,4.39,0.00,0.78,0.09,3.52,0.01,17.00,4.00,325.00,1094.00,1423.00,2010.00,Keep,Check,3372868164_04/06/2016
3372868164,4/7/2016,7392,5.10,5.10,0.00,0.87,0.16,4.05,0.02,14.00,9.00,332.00,1085.00,1426.00,2038.00,Keep,Check,3372868164_04/07/2016
3372868164,4/8/2016,5551,3.79,3.79,0.00,0.00,0.00,3.77,0.01,0.00,0.00,282.00,1158.00,1440.00,1815.00,Keep,Check,3372868164_04/08/2016
3372868164,4/9/2016,8827,6.25,6.25,0.00,1.77,0.48,4.00,0.01,21.00,10.00,346.00,1063.00,1419.00,2062.00,Keep,Check,3372868164_04/09/2016
3372868164,4/10/2016,4662,3.18,3.18,0.00,1.04,0.15,1.99,0.00,22.00,4.00,152.00,735.00,891.00,1276.00,Keep,Check,3372868164_04/10/2016
3977333714,4/1/2016,4499,3.01,3.01,0.00,0.00,0.00,3.01,0.00,0.00,0.00,168.00,842.00,1010.00,1288.00,Keep,Check,3977333714_04/01/2016
3977333714,4/2/2016,7618,5.10,5.10,0.00,0.00,0.18,4.91,0.00,0.00,6.00,302.00,842.00,1150.00,1490.00,Keep,Check,3977333714_04/02/2016
3977333714,4/3/2016,11508,7.70,7.70,0.00,2.17,0.84,4.69,0.00,29.00,22.00,282.00,748.00,1052.00,1630.00,Keep,Check,3977333714_04/03/2016
3977333714,4/4/2016,11943,7.99,7.99,0.00,1.03,2.01,4.95,0.00,16.00,43.00,297.00,710.00,1050.00,1648.00,Keep,Check,3977333714_04/04/2016
3977333714,4/5/2016,12303,8.23,8.23,0.00,1.71,1.35,5.17,0.00,26.00,32.00,291.00,605.00,928.00,1649.00,Keep,Check,3977333714_04/05/2016
3977333714,4/6/2016,15425,10.32,10.32,0.00,1.62,1.82,6.87,0.00,24.00,45.00,331.00,614.00,990.00,1783.00,Keep,Check,3977333714_04/06/2016
3977333714,4/7/2016,8422,5.63,5.63,0.00,0.00,3.60,2.04,0.00,0.00,81.00,139.00,815.00,1035.00,1431.00,Keep,Check,3977333714_04/07/2016
3977333714,4/8/2016,10226,6.84,6.84,0.00,0.00,4.44,2.40,0.00,0.00,101.00,174.00,685.00,960.00,1524.00,Keep,Check,3977333714_04/08/2016
3977333714,4/9/2016,14583,9.76,9.76,0.00,2.48,1.74,5.53,0.00,35.00,36.00,254.00,697.00,987.00,1697.00,Keep,Check,3977333714_04/09/2016
3977333714,4/10/2016,3573,2.39,2.39,0.00,0.94,0.41,0.97,0.00,15.00,8.00,99.00,866.00,973.00,1232.00,Keep,Check,3977333714_04/10/2016
3977333714,4/11/2016,3108,2.14,2.14,0.00,0.07,0.04,1.96,0.00,1.00,1.00,129.00,894.00,1024.00,1223.00,Keep,Check,3977333714_04/11/2016
3977333714,4/12/2016,759,0.57,0.57,0.00,0.00,0.00,0.57,0.00,0.00,0.00,17.00,187.00,204.00,182.00,Keep,OK,3977333714_04/12/2016
4020332650,3/12/2016,5543,3.97,3.97,0.00,0.00,0.00,3.96,0.01,0.00,0.00,254.00,757.00,1011.00,2990.00,Keep,Check,4020332650_03/12/2016
4020332650,3/13/2016,3226,2.31,2.31,0.00,0.00,0.00,2.28,0.00,0.00,0.00,136.00,771.00,907.00,2480.00,Keep,Check,4020332650_03/13/2016
4020332650,3/14/2016,3023,2.17,2.17,0.00,0.00,0.00,2.14,0.00,0.00,0.00,145.00,1005.00,1150.00,2570.00,Keep,Check,4020332650_03/14/2016
4020332650,3/15/2016,5906,4.23,4.23,0.00,0.00,0.16,4.04,0.00,0.00,10.00,215.00,874.00,1099.00,3016.00,Keep,Check,4020332650_03/15/2016
4020332650,3/16/2016,12483,8.99,8.99,0.00,1.45,0.57,6.90,0.00,25.00,14.00,309.00,599.00,922.00,3830.00,Keep,Check,4020332650_03/16/2016
4020332650,3/17/2016,8940,6.41,6.41,0.00,0.00,0.00,0.61,0.04,0.00,0.00,47.00,986.00,1033.00,3706.00,Keep,Check,4020332650_03/17/2016
4020332650,3/18/2016,368,0.26,0.26,0.00,0.00,0.00,0.00,0.00,0.00,0.00,0.00,1440.00,1440.00,2024.00,Keep,Check,4020332650_03/18/2016
4020332650,3/19/2016,5702,4.09,4.09,0.00,0.00,0.00,0.00,0.00,0.00,0.00,0.00,1440.00,1440.00,2980.00,Keep,Check,4020332650_03/19/2016
4020332650,3/20/2016,10330,7.41,7.41,0.00,0.00,0.00,0.00,0.00,0.00,0.00,0.00,1440.00,1440.00,3728.00,Keep,Check,4020332650_03/20/2016
4020332650,3/21/2016,8778,6.29,6.29,0.00,0.00,0.00,0.00,0.00,0.00,0.00,0.00,1440.00,1440.00,3348.00,Keep,Check,4020332650_03/21/2016
4020332650,3/22/2016,6662,4.78,4.78,0.00,0.00,0.00,0.00,0.00,0.00,0.00,0.00,1440.00,1440.00,3162.00,Keep,Check,4020332650_03/22/2016
4020332650,3/23/2016,6309,4.52,4.52,0.00,0.00,0.00,0.00,0.00,0.00,0.00,0.00,1440.00,1440.00,3140.00,Keep,Check,4020332650_03/23/2016
4020332650,3/24/2016,1951,1.41,1.41,0.00,0.00,0.00,0.00,0.00,0.00,0.00,0.00,1440.00,1440.00,1980.00,Keep,Check,4020332650_03/24/2016
4020332650,3/25/2016,5563,3.99,3.99,0.00,0.00,0.00,0.00,0.00,0.00,0.00,0.00,1440.00,1440.00,3681.00,Keep,Check,4020332650_03/25/2016
4020332650,3/26/2016,4370,3.13,3.13,0.00,0.00,0.00,0.00,0.00,0.00,0.00,0.00,1440.00,1440.00,3444.00,Keep,Check,4020332650_03/26/2016
4020332650,3/27/2016,7144,5.12,5.12,0.00,0.00,0.00,0.00,0.00,0.00,0.00,0.00,1440.00,1440.00,3510.00,Keep,Check,4020332650_03/27/2016
4020332650,3/28/2016,2106,1.51,1.51,0.00,0.02,0.05,0.21,0.00,31.00,45.00,75.00,1289.00,1409.00,4010.00,Keep,Check,4020332650_03/28/2016
4020332650,3/29/2016,4152,2.98,2.98,0.00,0.00,0.00,2.96,0.00,0.00,0.00,187.00,1253.00,1440.00,2976.00,Keep,Check,4020332650_03/29/2016
4020332650,3/30/2016,5400,3.87,3.87,0.00,0.00,0.00,3.85,0.00,0.00,0.00,258.00,795.00,1053.00,3418.00,Keep,Check,4020332650_03/30/2016
4020332650,3/31/2016,7428,5.33,5.33,0.00,0.87,0.92,3.51,0.00,18.00,33.00,261.00,860.00,1154.00,3439.00,Keep,Check,4020332650_03/31/2016
4020332650,4/1/2016,5351,3.84,3.84,0.00,0.62,0.18,3.01,0.00,15.00,17.00,210.00,748.00,975.00,3338.00,Keep,Check,4020332650_04/01/2016
4020332650,4/2/2016,4299,3.10,3.10,0.00,0.09,0.21,2.74,0.04,3.00,15.00,162.00,752.00,929.00,2892.00,Keep,Check,4020332650_04/02/2016
4020332650,4/3/2016,6107,4.38,4.38,0.00,0.00,0.00,4.36,0.00,0.00,0.00,265.00,776.00,1041.00,3313.00,Keep,Check,4020332650_04/03/2016
4020332650,4/4/2016,6429,4.60,4.60,0.00,0.00,0.95,3.65,0.00,0.00,28.00,193.00,741.00,962.00,3118.00,Keep,Check,4020332650_04/04/2016
4020332650,4/5/2016,6880,4.93,4.93,0.00,0.50,0.76,3.65,0.00,7.00,19.00,165.00,1249.00,1433.00,2966.00,Keep,Check,4020332650_04/05/2016
4020332650,4/6/2016,7476,5.36,5.36,0.00,0.00,0.00,5.31,0.00,0.00,0.00,263.00,920.00,1183.00,3253.00,Keep,Check,4020332650_04/06/2016
4020332650,4/7/2016,6581,4.72,4.72,0.00,0.00,0.29,4.39,0.00,0.00,8.00,241.00,1191.00,1440.00,3032.00,Keep,Check,4020332650_04/07/2016
4020332650,4/8/2016,10480,7.51,7.51,0.00,0.41,1.47,5.01,0.04,6.00,37.00,272.00,1125.00,1434.00,4034.00,Keep,Check,4020332650_04/08/2016
4020332650,4/9/2016,7734,5.55,5.55,0.00,1.16,0.49,3.82,0.06,20.00,12.00,223.00,1185.00,1420.00,3264.00,Keep,Check,4020332650_04/09/2016
4020332650,4/10/2016,5129,3.68,3.68,0.00,0.18,0.24,3.21,0.01,5.00,7.00,176.00,1178.00,1361.00,2817.00,Keep,Check,4020332650_04/10/2016
4020332650,4/11/2016,2993,2.15,2.15,0.00,0.00,0.00,2.09,0.00,0.00,0.00,114.00,888.00,1002.00,2507.00,Keep,Check,4020332650_04/11/2016
4020332650,4/12/2016,8,0.01,0.01,0.00,0.00,0.00,0.01,0.00,0.00,0.00,1.00,321.00,322.00,446.00,Keep,OK,4020332650_04/12/2016
4057192912,3/14/2016,8433,6.23,6.23,0.00,2.45,0.33,3.44,0.00,30.00,7.00,135.00,1268.00,1410.00,2453.00,Keep,Check,4057192912_03/14/2016
4057192912,3/16/2016,2139,1.56,1.56,0.00,0.00,1.30,0.26,0.00,0.00,28.00,15.00,1397.00,1440.00,1935.00,Keep,Check,4057192912_03/16/2016
4057192912,3/18/2016,949,0.69,0.69,0.00,0.00,0.00,0.69,0.00,0.00,0.00,34.00,1406.00,1440.00,1870.00,Keep,Check,4057192912_03/18/2016
4057192912,3/20/2016,44,0.03,0.03,0.00,0.00,0.00,0.03,0.00,0.00,0.00,2.00,1438.00,1440.00,1782.00,Keep,Check,4057192912_03/20/2016
4057192912,3/21/2016,2660,1.94,1.94,0.00,0.00,0.00,1.94,0.00,0.00,0.00,46.00,1394.00,1440.00,1978.00,Keep,Check,4057192912_03/21/2016
4057192912,3/22/2016,5561,4.19,4.19,0.00,0.00,0.00,4.07,0.00,0.00,0.00,169.00,1271.00,1440.00,2296.00,Keep,Check,4057192912_03/22/2016
4057192912,3/23/2016,7239,5.34,5.34,0.00,0.55,0.36,4.38,0.00,7.00,7.00,190.00,1236.00,1433.00,2484.00,Keep,Check,4057192912_03/23/2016
4057192912,3/24/2016,7,0.01,0.01,0.00,0.00,0.00,0.01,0.00,0.00,0.00,1.00,1439.00,1440.00,1787.00,Keep,Check,4057192912_03/24/2016
4057192912,3/27/2016,2275,1.68,1.68,0.00,0.00,0.00,1.66,0.00,0.00,0.00,86.00,1354.00,1440.00,2005.00,Keep,Check,4057192912_03/27/2016
4057192912,3/28/2016,8,0.01,0.01,0.00,0.00,0.00,0.01,0.00,0.00,0.00,1.00,1439.00,1440.00,1778.00,Keep,Check,4057192912_03/28/2016
4057192912,3/29/2016,5137,3.76,3.76,0.00,0.00,0.00,3.76,0.00,0.00,0.00,160.00,1280.00,1440.00,2293.00,Keep,Check,4057192912_03/29/2016
4057192912,3/30/2016,5419,4.00,4.57,0.06,0.00,0.00,3.91,0.06,0.00,0.00,145.00,1295.00,1440.00,2259.00,Keep,Check,4057192912_03/30/2016
4057192912,4/6/2016,18,0.01,0.01,0.00,0.00,0.00,0.01,0.00,0.00,0.00,2.00,1438.00,1440.00,1780.00,Keep,Check,4057192912_04/06/2016
4057192912,4/8/2016,8426,6.16,6.16,0.00,0.13,5.49,0.54,0.00,2.00,120.00,25.00,1293.00,1438.00,2360.00,Keep,Check,4057192912_04/08/2016
4057192912,4/9/2016,1650,1.21,1.21,0.00,0.00,0.00,1.21,0.00,0.00,0.00,60.00,1380.00,1440.00,1952.00,Keep,Check,4057192912_04/09/2016
4057192912,4/10/2016,3434,2.51,2.51,0.00,0.07,0.30,2.14,0.00,1.00,7.00,108.00,1324.00,1439.00,2101.00,Keep,Check,4057192912_04/10/2016
4057192912,4/11/2016,6801,4.98,4.98,0.00,0.00,0.00,4.97,0.00,0.00,0.00,193.00,1247.00,1440.00,2393.00,Keep,Check,4057192912_04/11/2016
4057192912,4/12/2016,187,0.14,0.14,0.00,0.00,0.00,0.14,0.00,0.00,0.00,11.00,400.00,411.00,538.00,Keep,OK,4057192912_04/12/2016
4319703577,3/29/2016,5643,3.79,3.79,0.00,0.23,0.33,3.23,0.00,3.00,8.00,199.00,683.00,890.00,1958.00,Keep,Check,4319703577_03/29/2016
4319703577,3/30/2016,9043,6.07,6.07,0.00,0.25,0.43,5.37,0.00,4.00,12.00,244.00,702.00,958.00,2141.00,Keep,Check,4319703577_03/30/2016
4319703577,3/31/2016,8144,5.46,5.46,0.00,0.25,0.61,4.61,0.00,4.00,17.00,247.00,1125.00,1389.00,2129.00,Keep,Check,4319703577_03/31/2016
4319703577,4/1/2016,9343,6.27,6.27,0.00,0.96,0.85,4.46,0.00,14.00,20.00,268.00,654.00,942.00,2216.00,Keep,Check,4319703577_04/01/2016
4319703577,4/2/2016,8405,5.66,5.66,0.00,1.13,0.19,4.34,0.00,15.00,4.00,257.00,621.00,882.00,2154.00,Keep,Check,4319703577_04/02/2016
4319703577,4/3/2016,8223,5.52,5.52,0.00,0.80,1.51,3.21,0.00,12.00,37.00,257.00,551.00,845.00,2178.00,Keep,OK,4319703577_04/03/2016
4319703577,4/4/2016,10067,6.76,6.76,0.00,0.36,1.42,4.97,0.00,5.00,39.00,313.00,578.00,930.00,2308.00,Keep,Check,4319703577_04/04/2016
4319703577,4/5/2016,8359,5.63,5.63,0.00,0.23,0.53,4.87,0.00,3.00,14.00,311.00,638.00,963.00,2201.00,Keep,Check,4319703577_04/05/2016
4319703577,4/6/2016,10946,7.35,7.35,0.00,0.54,2.09,4.72,0.00,8.00,51.00,308.00,569.00,928.00,2341.00,Keep,Check,4319703577_04/06/2016
4319703577,4/7/2016,9130,6.15,6.15,0.00,0.50,0.38,5.27,0.00,7.00,11.00,304.00,668.00,983.00,2236.00,Keep,Check,4319703577_04/07/2016
4319703577,4/8/2016,6544,4.41,4.41,0.00,0.29,0.26,3.86,0.00,4.00,6.00,276.00,1132.00,1414.00,2069.00,Keep,Check,4319703577_04/08/2016
4319703577,4/9/2016,0,0.00,0.00,0.00,0.00,0.00,0.00,0.00,0.00,0.00,0.00,1440.00,1440.00,0.00,Keep,Check,4319703577_04/09/2016
4445114986,3/29/2016,2303,1.55,1.55,0.00,0.00,0.00,1.55,0.00,0.00,0.00,155.00,807.00,962.00,2010.00,Keep,Check,4445114986_03/29/2016
4445114986,3/30/2016,2600,1.74,1.74,0.00,0.00,0.00,1.74,0.00,0.00,0.00,163.00,1277.00,1440.00,2032.00,Keep,Check,4445114986_03/30/2016
4445114986,3/31/2016,4804,3.22,3.22,0.00,0.00,0.00,3.22,0.00,0.00,0.00,238.00,786.00,1024.00,2227.00,Keep,Check,4445114986_03/31/2016
4445114986,4/1/2016,3271,2.19,2.19,0.00,0.00,0.00,2.19,0.00,0.00,0.00,205.00,898.00,1103.00,2133.00,Keep,Check,4445114986_04/01/2016
4445114986,4/2/2016,5406,3.63,3.63,0.00,0.00,0.00,3.61,0.00,0.00,0.00,273.00,672.00,945.00,2317.00,Keep,Check,4445114986_04/02/2016
4445114986,4/3/2016,3146,2.11,2.11,0.00,0.00,0.00,2.11,0.00,0.00,0.00,171.00,1269.00,1440.00,2058.00,Keep,Check,4445114986_04/03/2016
4445114986,4/4/2016,2422,1.63,1.63,0.00,0.00,0.00,1.63,0.00,0.00,0.00,110.00,1330.00,1440.00,1935.00,Keep,Check,4445114986_04/04/2016
4445114986,4/5/2016,4239,2.84,2.84,0.00,0.06,0.24,2.53,0.00,1.00,6.00,235.00,702.00,943.00,2217.00,Keep,Check,4445114986_04/05/2016
4445114986,4/6/2016,6911,4.78,4.78,0.00,2.32,0.10,2.36,0.00,28.00,2.00,215.00,745.00,962.00,2374.00,Keep,Check,4445114986_04/06/2016
4445114986,4/7/2016,6667,4.61,4.61,0.00,2.02,0.05,2.55,0.00,24.00,1.00,208.00,939.00,1148.00,2335.00,Keep,Check,4445114986_04/07/2016
4445114986,4/8/2016,5543,3.72,3.72,0.00,0.00,0.00,3.72,0.00,0.00,0.00,266.00,941.00,1207.00,2303.00,Keep,Check,4445114986_04/08/2016
4445114986,4/9/2016,4195,2.81,2.81,0.00,0.00,0.00,2.81,0.00,0.00,0.00,239.00,758.00,997.00,2210.00,Keep,Check,4445114986_04/09/2016
4445114986,4/10/2016,6625,4.45,4.45,0.00,0.00,0.00,4.45,0.00,0.00,0.00,316.00,755.00,1071.00,2424.00,Keep,Check,4445114986_04/10/2016
4445114986,4/11/2016,5986,4.13,4.13,0.00,1.95,0.23,1.95,0.00,23.00,5.00,195.00,789.00,989.00,2297.00,Keep,Check,4445114986_04/11/2016
4445114986,4/12/2016,278,0.19,0.19,0.00,0.00,0.00,0.19,0.00,0.00,0.00,20.00,253.00,273.00,745.00,Keep,OK,4445114986_04/12/2016
4558609924,4/1/2016,5336,3.53,3.53,0.00,0.00,0.00,3.53,0.00,0.00,0.00,258.00,1182.00,1440.00,1902.00,Keep,Check,4558609924_04/01/2016
4558609924,4/2/2016,3183,2.10,2.10,0.00,0.00,0.00,2.10,0.00,0.00,0.00,173.00,1180.00,1353.00,1680.00,Keep,Check,4558609924_04/02/2016
4558609924,4/3/2016,6176,4.08,4.08,0.00,0.07,0.26,3.75,0.00,1.00,7.00,269.00,886.00,1162.00,1901.00,Keep,Check,4558609924_04/03/2016
4558609924,4/4/2016,8205,5.42,5.42,0.00,0.00,0.00,5.42,0.00,0.00,0.00,367.00,1073.00,1440.00,2078.00,Keep,Check,4558609924_04/04/2016
4558609924,4/5/2016,6799,4.49,4.49,0.00,1.59,0.86,2.04,0.00,24.00,14.00,185.00,1217.00,1416.00,1876.00,Keep,Check,4558609924_04/05/2016
4558609924,4/6/2016,5668,3.75,3.75,0.00,0.00,0.00,3.75,0.00,0.00,0.00,259.00,1181.00,1440.00,1853.00,Keep,Check,4558609924_04/06/2016
4558609924,4/7/2016,7998,5.29,5.29,0.00,0.51,0.25,4.53,0.00,27.00,12.00,296.00,1105.00,1413.00,2235.00,Keep,Check,4558609924_04/07/2016
4558609924,4/8/2016,4195,2.77,2.77,0.00,0.00,0.00,2.77,0.00,0.00,0.00,241.00,1199.00,1440.00,1778.00,Keep,Check,4558609924_04/08/2016
4558609924,4/9/2016,5512,3.64,3.64,0.00,0.00,0.00,3.64,0.00,0.00,0.00,276.00,1164.00,1440.00,1882.00,Keep,Check,4558609924_04/09/2016
4558609924,4/10/2016,6263,4.14,4.14,0.00,0.00,0.00,4.13,0.00,0.00,0.00,290.00,1150.00,1440.00,1906.00,Keep,Check,4558609924_04/10/2016
4558609924,4/11/2016,8828,5.84,5.84,0.00,0.00,0.00,5.84,0.00,0.00,0.00,308.00,1132.00,1440.00,2149.00,Keep,Check,4558609924_04/11/2016
4558609924,4/12/2016,1260,0.83,0.83,0.00,0.00,0.00,0.82,0.00,0.00,0.00,76.00,555.00,631.00,722.00,Keep,OK,4558609924_04/12/2016
4702921684,3/29/2016,6506,5.28,5.28,0.00,0.33,0.27,4.67,0.00,4.00,5.00,241.00,760.00,1006.00,2886.00,Keep,Check,4702921684_03/29/2016
4702921684,3/30/2016,7583,6.15,6.15,0.00,0.25,0.55,5.35,0.00,3.00,13.00,227.00,742.00,982.00,2915.00,Keep,Check,4702921684_03/30/2016
4702921684,3/31/2016,6963,5.65,5.65,0.00,0.00,0.00,5.65,0.00,0.00,0.00,256.00,759.00,1015.00,2895.00,Keep,Check,4702921684_03/31/2016
4702921684,4/1/2016,7165,5.81,5.81,0.00,0.00,0.37,5.44,0.00,0.00,9.00,248.00,708.00,965.00,2923.00,Keep,Check,4702921684_04/01/2016
4702921684,4/2/2016,10328,8.38,8.38,0.00,0.00,1.46,6.92,0.00,0.00,32.00,367.00,475.00,874.00,3323.00,Keep,OK,4702921684_04/02/2016
4702921684,4/3/2016,12116,9.83,9.83,0.00,0.25,2.85,6.72,0.00,3.00,57.00,323.00,471.00,851.00,3357.00,Keep,OK,4702921684_04/03/2016
4702921684,4/4/2016,7810,6.36,6.36,0.00,0.48,1.20,4.68,0.00,6.00,27.00,216.00,746.00,989.00,2931.00,Keep,Check,4702921684_04/04/2016
4702921684,4/5/2016,6670,5.41,5.41,0.00,1.24,0.80,3.37,0.00,15.00,16.00,199.00,770.00,985.00,2848.00,Keep,Check,4702921684_04/05/2016
4702921684,4/6/2016,7605,6.18,6.18,0.00,0.33,0.21,5.63,0.00,4.00,4.00,248.00,708.00,960.00,2943.00,Keep,Check,4702921684_04/06/2016
4702921684,4/7/2016,6585,5.34,5.34,0.00,0.00,0.00,5.34,0.00,0.00,0.00,210.00,770.00,980.00,2822.00,Keep,Check,4702921684_04/07/2016
4702921684,4/8/2016,8184,6.64,6.64,0.00,0.00,0.62,5.95,0.00,0.00,15.00,247.00,808.00,1070.00,2981.00,Keep,Check,4702921684_04/08/2016
4702921684,4/9/2016,14002,11.36,11.36,0.00,0.61,2.68,8.06,0.00,8.00,56.00,381.00,407.00,844.00,3597.00,Keep,OK,4702921684_04/09/2016
4702921684,4/10/2016,11135,9.03,9.03,0.00,0.08,1.16,7.79,0.00,1.00,25.00,331.00,528.00,884.00,3224.00,Keep,OK,4702921684_04/10/2016
4702921684,4/11/2016,6499,5.27,5.27,0.00,0.00,0.00,5.27,0.00,0.00,0.00,207.00,809.00,1016.00,2677.00,Keep,Check,4702921684_04/11/2016
4702921684,4/12/2016,0,0.00,0.00,0.00,0.00,0.00,0.00,0.00,0.00,0.00,0.00,1440.00,1440.00,0.00,Keep,Check,4702921684_04/12/2016
5553957443,4/1/2016,12409,8.10,8.10,0.00,2.90,0.63,4.58,0.00,51.00,12.00,235.00,782.00,1029.00,2142.00,Keep,Check,5553957443_04/01/2016
5553957443,4/2/2016,2937,1.92,1.92,0.00,0.00,0.00,1.91,0.00,0.00,0.00,181.00,356.00,537.00,1615.00,Keep,OK,5553957443_04/02/2016
5553957443,4/3/2016,1515,0.99,0.99,0.00,0.00,0.00,0.99,0.00,0.00,0.00,93.00,507.00,600.00,1481.00,Keep,OK,5553957443_04/03/2016
5553957443,4/4/2016,8921,5.88,5.88,0.00,2.07,0.44,3.36,0.00,27.00,8.00,198.00,754.00,960.00,1892.00,Keep,Check,5553957443_04/04/2016
5553957443,4/5/2016,11306,7.38,7.38,0.00,2.31,0.98,4.09,0.00,40.00,26.00,218.00,772.00,1016.00,2086.00,Keep,Check,5553957443_04/05/2016
5553957443,4/6/2016,12252,8.00,8.00,0.00,2.41,1.70,3.89,0.00,33.00,28.00,229.00,745.00,1002.00,2044.00,Keep,Check,5553957443_04/06/2016
5553957443,4/7/2016,15444,10.08,10.08,0.00,3.27,1.73,5.08,0.00,51.00,39.00,243.00,731.00,1013.00,2249.00,Keep,Check,5553957443_04/07/2016
5553957443,4/8/2016,9938,6.49,6.49,0.00,2.14,1.28,3.08,0.00,38.00,24.00,193.00,767.00,984.00,2019.00,Keep,Check,5553957443_04/08/2016
5553957443,4/9/2016,4599,3.00,3.00,0.00,0.00,0.00,3.00,0.00,0.00,0.00,176.00,578.00,754.00,1692.00,Keep,OK,5553957443_04/09/2016
5553957443,4/10/2016,5594,3.65,3.65,0.00,0.28,1.48,1.89,0.00,4.00,25.00,150.00,552.00,727.00,1712.00,Keep,OK,5553957443_04/10/2016
5553957443,4/11/2016,11906,7.77,7.77,0.00,2.26,1.52,3.99,0.00,32.00,27.00,234.00,688.00,949.00,2065.00,Keep,Check,5553957443_04/11/2016
5553957443,4/12/2016,3436,2.24,2.24,0.00,0.50,0.67,1.05,0.00,7.00,11.00,50.00,61.00,122.00,633.00,Keep,OK,5553957443_04/12/2016
5577150313,4/1/2016,10461,7.87,7.87,0.00,4.76,0.85,2.25,0.00,99.00,31.00,142.00,721.00,894.00,3625.00,Keep,Check,5577150313_04/01/2016
5577150313,4/2/2016,14873,11.11,11.11,0.00,8.19,0.60,2.31,0.00,202.00,36.00,153.00,663.00,852.00,4430.00,Keep,Check,5577150313_04/02/2016
5577150313,4/3/2016,9917,7.41,7.41,0.00,1.99,0.97,4.44,0.00,58.00,27.00,240.00,700.00,967.00,3427.00,Keep,Check,5577150313_04/03/2016
5577150313,4/4/2016,7401,5.56,5.56,0.00,2.32,0.36,2.88,0.00,70.00,19.00,204.00,689.00,912.00,3492.00,Keep,Check,5577150313_04/04/2016
5577150313,4/5/2016,8964,6.70,6.70,0.00,3.97,0.19,2.53,0.00,107.00,18.00,145.00,756.00,919.00,3597.00,Keep,Check,5577150313_04/05/2016
5577150313,4/6/2016,11080,8.30,8.30,0.00,3.13,1.37,3.81,0.00,83.00,52.00,190.00,695.00,937.00,3765.00,Keep,Check,5577150313_04/06/2016
5577150313,4/7/2016,4499,3.36,3.36,0.00,0.89,0.26,2.21,0.00,31.00,11.00,146.00,756.00,913.00,2775.00,Keep,Check,5577150313_04/07/2016
5577150313,4/8/2016,4363,3.26,3.26,0.00,0.13,0.06,3.08,0.00,8.00,2.00,156.00,813.00,971.00,2486.00,Keep,Check,5577150313_04/08/2016
5577150313,4/9/2016,10494,7.84,7.84,0.00,4.91,0.78,2.15,0.00,123.00,62.00,138.00,601.00,801.00,3817.00,Keep,OK,5577150313_04/09/2016
5577150313,4/10/2016,9776,7.38,7.38,0.00,2.93,1.43,3.02,0.00,80.00,35.00,162.00,721.00,918.00,3378.00,Keep,Check,5577150313_04/10/2016
5577150313,4/11/2016,2862,2.14,2.14,0.00,1.04,0.25,0.84,0.00,39.00,17.00,54.00,209.00,280.00,1511.00,Keep,OK,5577150313_04/11/2016
6117666160,4/1/2016,7444,5.62,5.62,0.00,0.00,0.00,5.62,0.00,0.00,0.00,286.00,568.00,854.00,2210.00,Keep,OK,6117666160_04/01/2016
6117666160,4/2/2016,19658,14.84,14.84,0.00,0.24,2.09,12.51,0.00,3.00,30.00,475.00,466.00,971.00,2884.00,Keep,OK,6117666160_04/02/2016
6117666160,4/4/2016,8468,6.39,6.39,0.00,0.18,0.64,5.57,0.00,2.00,11.00,279.00,1148.00,1438.00,2262.00,Keep,Check,6117666160_04/04/2016
6117666160,4/5/2016,9910,7.48,7.48,0.00,0.00,0.00,7.48,0.00,0.00,0.00,384.00,990.00,1374.00,2445.00,Keep,Check,6117666160_04/05/2016
6117666160,4/6/2016,12409,9.37,9.37,0.00,0.00,0.00,9.37,0.00,0.00,0.00,491.00,388.00,879.00,2694.00,Keep,OK,6117666160_04/06/2016
6117666160,4/7/2016,4853,3.66,3.66,0.00,0.00,0.00,3.66,0.00,0.00,0.00,156.00,770.00,926.00,1903.00,Keep,Check,6117666160_04/07/2016
6117666160,4/8/2016,8955,6.76,6.76,0.00,0.00,0.00,6.73,0.00,0.00,0.00,422.00,1018.00,1440.00,2482.00,Keep,Check,6117666160_04/08/2016
6117666160,4/9/2016,10789,8.15,8.15,0.00,0.00,0.00,8.15,0.00,0.00,0.00,506.00,413.00,919.00,2617.00,Keep,OK,6117666160_04/09/2016
6117666160,4/10/2016,0,0.00,0.00,0.00,0.00,0.00,0.00,0.00,0.00,0.00,0.00,1440.00,1440.00,0.00,Keep,Check,6117666160_04/10/2016
6290855005,4/1/2016,6633,5.01,5.01,0.00,0.00,0.00,5.01,0.00,0.00,0.00,280.00,1160.00,1440.00,2778.00,Keep,Check,6290855005_04/01/2016
6290855005,4/2/2016,9548,7.22,7.22,0.00,2.02,3.68,1.52,0.00,25.00,107.00,113.00,1195.00,1415.00,3119.00,Keep,Check,6290855005_04/02/2016
6391747486,4/2/2016,2101,2.03,0.00,2.03,2.03,0.00,0.00,0.00,46.00,0.00,0.00,1394.00,1394.00,2224.00,Keep,Check,6391747486_04/02/2016
6391747486,4/5/2016,9766,7.51,0.78,6.73,0.00,0.05,7.46,0.00,0.00,6.00,301.00,1133.00,1440.00,2442.00,Keep,Check,6391747486_04/05/2016
6391747486,4/6/2016,165,0.13,0.13,0.00,0.00,0.00,0.13,0.00,0.00,0.00,8.00,1432.00,1440.00,1849.00,Keep,Check,6391747486_04/06/2016
6775888955,4/1/2016,7225,5.18,5.18,0.00,1.73,1.27,2.18,0.00,25.00,50.00,163.00,1189.00,1402.00,3065.00,Keep,Check,6775888955_04/01/2016
6775888955,4/2/2016,1988,1.43,1.43,0.00,0.00,0.00,1.43,0.00,0.00,0.00,79.00,909.00,988.00,2207.00,Keep,Check,6775888955_04/02/2016
6775888955,4/3/2016,1577,1.13,1.13,0.00,0.07,0.89,0.17,0.00,1.00,17.00,8.00,1414.00,1439.00,1977.00,Keep,Check,6775888955_04/03/2016
6775888955,4/5/2016,9348,6.70,6.70,0.00,1.13,2.04,3.14,0.00,56.00,133.00,240.00,1011.00,1384.00,4286.00,Keep,Check,6775888955_04/05/2016
6775888955,4/6/2016,11761,8.43,8.43,0.00,1.31,2.44,4.68,0.00,24.00,99.00,300.00,550.00,949.00,3920.00,Keep,Check,6775888955_04/06/2016
6775888955,4/7/2016,13987,10.03,10.03,0.00,2.87,3.34,3.82,0.00,46.00,114.00,250.00,739.00,1103.00,3856.00,Keep,Check,6775888955_04/07/2016
6775888955,4/8/2016,4131,2.96,2.96,0.00,1.37,0.61,0.98,0.00,27.00,30.00,75.00,1308.00,1413.00,2584.00,Keep,Check,6775888955_04/08/2016
6775888955,4/9/2016,14,0.01,0.01,0.00,0.00,0.00,0.01,0.00,0.00,0.00,1.00,601.00,602.00,787.00,Keep,OK,6775888955_04/09/2016
6962181067,3/30/2016,15491,10.24,10.24,0.00,1.29,4.49,4.46,0.00,18.00,77.00,272.00,641.00,990.00,2244.00,Keep,Check,6962181067_03/30/2016
6962181067,3/31/2016,14097,9.32,9.32,0.00,3.50,1.92,3.90,0.00,50.00,32.00,234.00,595.00,861.00,2188.00,Keep,Check,6962181067_03/31/2016
6962181067,4/1/2016,10467,6.98,6.98,0.00,0.70,2.43,3.85,0.00,9.00,45.00,252.00,602.00,899.00,2014.00,Keep,Check,6962181067_04/01/2016
6962181067,4/2/2016,12437,8.30,8.30,0.00,3.76,1.29,3.24,0.00,50.00,24.00,219.00,732.00,975.00,2115.00,Keep,Check,6962181067_04/02/2016
6962181067,4/3/2016,12307,8.14,8.14,0.00,1.01,3.26,3.87,0.00,14.00,51.00,218.00,589.00,858.00,2055.00,Keep,Check,6962181067_04/03/2016
6962181067,4/4/2016,18952,12.80,12.80,0.00,5.91,1.23,5.66,0.00,73.00,20.00,327.00,570.00,917.00,2437.00,Keep,Check,6962181067_04/04/2016
6962181067,4/5/2016,12010,7.94,7.94,0.00,2.38,0.95,4.61,0.00,38.00,17.00,287.00,692.00,996.00,2158.00,Keep,Check,6962181067_04/05/2016
6962181067,4/6/2016,12480,8.86,8.25,3.97,4.18,0.69,4.00,0.00,55.00,14.00,276.00,593.00,883.00,2170.00,Keep,Check,6962181067_04/06/2016
6962181067,4/7/2016,13417,9.65,8.87,1.93,3.39,1.25,4.91,0.10,45.00,16.00,284.00,665.00,965.00,2244.00,Keep,Check,6962181067_04/07/2016
6962181067,4/8/2016,14400,10.88,9.52,5.46,2.47,2.88,5.53,0.00,27.00,37.00,276.00,697.00,1010.00,2188.00,Keep,Check,6962181067_04/08/2016
6962181067,4/9/2016,12495,8.26,8.26,0.00,2.21,1.09,4.96,0.00,33.00,19.00,324.00,609.00,952.00,2231.00,Keep,Check,6962181067_04/09/2016
6962181067,4/10/2016,10148,6.71,6.71,0.00,1.36,0.22,5.13,0.00,19.00,7.00,306.00,679.00,992.00,2100.00,Keep,Check,6962181067_04/10/2016
6962181067,4/11/2016,12362,9.09,8.17,2.70,1.09,2.73,5.27,0.00,21.00,38.00,297.00,678.00,1013.00,2188.00,Keep,Check,6962181067_04/11/2016
6962181067,4/12/2016,5893,3.90,3.90,0.00,2.88,0.56,0.46,0.00,43.00,9.00,48.00,146.00,203.00,917.00,Keep,OK,6962181067_04/12/2016
7007744171,4/1/2016,11680,9.06,7.81,4.90,4.49,0.33,4.24,0.00,50.00,7.00,244.00,1139.00,1390.00,2573.00,Keep,Check,7007744171_04/01/2016
7007744171,4/2/2016,10976,7.34,7.34,0.00,0.55,0.67,6.13,0.00,9.00,16.00,271.00,1075.00,1362.00,2575.00,Keep,Check,7007744171_04/02/2016
7007744171,4/3/2016,16806,11.24,11.24,0.00,6.41,1.37,3.47,0.00,104.00,31.00,230.00,1002.00,1263.00,3086.00,Keep,Check,7007744171_04/03/2016
7007744171,4/4/2016,15266,11.40,10.21,5.19,5.80,0.76,4.79,0.05,70.00,21.00,292.00,1057.00,1370.00,2886.00,Keep,Check,7007744171_04/04/2016
7007744171,4/5/2016,12084,9.14,8.08,4.84,4.39,0.46,4.29,0.00,50.00,6.00,284.00,1030.00,1320.00,2676.00,Keep,Check,7007744171_04/05/2016
7007744171,4/6/2016,13513,10.25,9.07,4.84,5.35,0.33,4.56,0.00,64.00,8.00,270.00,1098.00,1376.00,2811.00,Keep,Check,7007744171_04/06/2016
7007744171,4/7/2016,14100,10.58,9.43,4.88,5.10,1.19,4.28,0.00,61.00,33.00,265.00,1015.00,1313.00,2840.00,Keep,Check,7007744171_04/07/2016
7007744171,4/8/2016,12627,9.65,8.45,4.84,4.70,0.74,4.21,0.00,54.00,22.00,301.00,1063.00,1386.00,2871.00,Keep,Check,7007744171_04/08/2016
7007744171,4/9/2016,10345,6.92,6.92,0.00,0.07,0.27,6.58,0.00,2.00,6.00,358.00,1074.00,1438.00,2613.00,Keep,Check,7007744171_04/09/2016
7007744171,4/10/2016,10146,6.79,6.79,0.00,0.07,0.61,6.11,0.00,1.00,12.00,397.00,1030.00,1439.00,2700.00,Keep,Check,7007744171_04/10/2016
7007744171,4/11/2016,12168,8.14,8.14,0.00,1.05,0.79,6.29,0.00,18.00,27.00,375.00,1020.00,1422.00,2871.00,Keep,Check,7007744171_04/11/2016
7007744171,4/12/2016,7413,5.77,4.96,4.87,4.50,0.34,0.94,0.00,53.00,6.00,43.00,405.00,454.00,1023.00,Keep,OK,7007744171_04/12/2016
7086361926,4/1/2016,11463,7.67,7.67,0.00,2.83,1.89,2.93,0.00,38.00,30.00,154.00,777.00,961.00,2496.00,Keep,Check,7086361926_04/01/2016
7086361926,4/2/2016,87,0.02,0.02,0.00,0.00,0.00,0.01,0.00,0.00,0.00,2.00,872.00,874.00,1641.00,Keep,Check,7086361926_04/02/2016
7086361926,4/3/2016,1949,1.31,1.31,0.00,0.23,0.35,0.73,0.00,3.00,6.00,27.00,1404.00,1437.00,1794.00,Keep,Check,7086361926_04/03/2016
7086361926,4/4/2016,6101,3.87,3.87,0.00,0.53,0.23,3.10,0.00,31.00,24.00,138.00,1247.00,1409.00,2421.00,Keep,Check,7086361926_04/04/2016
7086361926,4/5/2016,7478,4.99,4.99,0.00,1.80,0.53,2.61,0.03,25.00,33.00,132.00,1159.00,1324.00,2439.00,Keep,Check,7086361926_04/05/2016
7086361926,4/6/2016,7352,4.73,4.73,0.00,1.41,0.78,2.53,0.00,19.00,14.00,124.00,814.00,952.00,2233.00,Keep,Check,7086361926_04/06/2016
7086361926,4/7/2016,14604,10.82,10.82,0.00,7.23,1.12,2.43,0.03,76.00,30.00,127.00,695.00,852.00,2862.00,Keep,Check,7086361926_04/07/2016
7086361926,4/8/2016,9634,6.52,6.52,0.00,2.50,1.40,2.59,0.00,50.00,48.00,140.00,797.00,985.00,2752.00,Keep,Check,7086361926_04/08/2016
7086361926,4/9/2016,7338,4.67,4.67,0.00,1.08,0.13,3.46,0.00,27.00,5.00,204.00,717.00,926.00,2519.00,Keep,Check,7086361926_04/09/2016
7086361926,4/10/2016,569,0.35,0.35,0.00,0.00,0.00,0.34,0.00,0.00,0.00,27.00,1368.00,1395.00,1799.00,Keep,Check,7086361926_04/10/2016
7086361926,4/11/2016,6242,3.92,3.92,0.00,0.74,0.23,2.93,0.00,46.00,22.00,126.00,741.00,889.00,2543.00,Keep,Check,7086361926_04/11/2016
7086361926,4/12/2016,430,0.26,0.26,0.00,0.00,0.00,0.26,0.00,0.00,0.00,14.00,75.00,89.00,625.00,Keep,OK,7086361926_04/12/2016
8053475328,4/2/2016,20188,15.62,15.62,0.00,12.06,0.85,2.71,0.00,124.00,19.00,172.00,1125.00,1316.00,3377.00,Keep,Check,8053475328_04/02/2016
8053475328,4/3/2016,25701,20.14,20.14,0.00,16.82,1.63,1.69,0.00,165.00,36.00,97.00,1142.00,1275.00,3697.00,Keep,Check,8053475328_04/03/2016
8053475328,4/4/2016,17395,13.21,13.21,0.00,9.67,0.18,3.35,0.00,100.00,4.00,213.00,1123.00,1340.00,3209.00,Keep,Check,8053475328_04/04/2016
8053475328,4/5/2016,17167,13.41,13.41,0.00,9.96,0.31,3.14,0.00,98.00,8.00,184.00,1150.00,1342.00,3167.00,Keep,Check,8053475328_04/05/2016
8053475328,4/6/2016,16435,12.42,12.42,0.00,8.96,0.55,2.91,0.00,100.00,14.00,191.00,1135.00,1340.00,3122.00,Keep,Check,8053475328_04/06/2016
8053475328,4/7/2016,17078,13.20,13.20,0.00,9.97,0.24,2.99,0.00,101.00,6.00,190.00,1143.00,1339.00,3176.00,Keep,Check,8053475328_04/07/2016
8053475328,4/8/2016,11693,9.54,9.54,0.00,6.77,0.26,2.50,0.00,60.00,6.00,153.00,1221.00,1380.00,2790.00,Keep,Check,8053475328_04/08/2016
8053475328,4/9/2016,11159,9.14,9.14,0.00,6.69,0.25,2.19,0.00,59.00,6.00,120.00,1255.00,1381.00,2715.00,Keep,Check,8053475328_04/09/2016
8053475328,4/10/2016,10118,7.73,7.73,0.00,3.05,0.80,3.88,0.00,30.00,18.00,207.00,1185.00,1410.00,2684.00,Keep,Check,8053475328_04/10/2016
8053475328,4/11/2016,16064,12.72,12.72,0.00,9.98,0.36,2.38,0.00,96.00,8.00,155.00,1181.00,1344.00,3097.00,Keep,Check,8053475328_04/11/2016
8053475328,4/12/2016,290,0.21,0.21,0.00,0.00,0.00,0.21,0.00,0.00,0.00,16.00,599.00,615.00,791.00,Keep,OK,8053475328_04/12/2016
8253242879,4/6/2016,1931,1.28,1.28,0.00,0.00,0.00,1.28,0.00,0.00,0.00,94.00,1346.00,1440.00,1607.00,Keep,Check,8253242879_04/06/2016
8253242879,4/7/2016,5181,3.42,3.42,0.00,1.00,0.91,1.51,0.01,15.00,15.00,107.00,1303.00,1425.00,1776.00,Keep,Check,8253242879_04/07/2016
8253242879,4/8/2016,12026,9.15,9.15,0.00,5.70,0.93,2.51,0.00,47.00,13.00,150.00,1230.00,1393.00,2162.00,Keep,Check,8253242879_04/08/2016
8253242879,4/9/2016,5360,3.54,3.54,0.00,0.54,1.55,1.46,0.00,8.00,28.00,148.00,1256.00,1432.00,1832.00,Keep,Check,8253242879_04/09/2016
8253242879,4/10/2016,2545,1.68,1.68,0.00,0.00,0.00,1.67,0.02,0.00,0.00,126.00,1314.00,1440.00,1657.00,Keep,Check,8253242879_04/10/2016
8253242879,4/11/2016,1636,1.08,1.08,0.00,0.00,0.00,1.08,0.00,0.00,0.00,86.00,1139.00,1225.00,1377.00,Keep,Check,8253242879_04/11/2016
8253242879,4/12/2016,0,0.00,0.00,0.00,0.00,0.00,0.00,0.00,0.00,0.00,0.00,1440.00,1440.00,0.00,Keep,Check,8253242879_04/12/2016
8378563200,4/1/2016,14179,11.24,11.24,0.00,6.23,1.06,3.96,0.00,73.00,21.00,195.00,719.00,935.00,3669.00,Keep,Check,8378563200_04/01/2016
8378563200,4/2/2016,3358,2.66,2.66,0.00,0.00,0.00,2.66,0.00,0.00,0.00,144.00,657.00,801.00,2702.00,Keep,Check,8378563200_04/02/2016
8378563200,4/3/2016,9152,7.26,7.26,0.00,1.99,0.82,4.45,0.00,25.00,13.00,243.00,600.00,856.00,3304.00,Keep,Check,8378563200_04/03/2016
8378563200,4/4/2016,13935,11.05,11.05,2.09,4.09,0.79,6.17,0.00,105.00,16.00,220.00,658.00,894.00,4234.00,Keep,Check,8378563200_04/04/2016
8378563200,4/5/2016,12846,10.19,10.19,2.25,5.00,0.75,4.44,0.00,113.00,15.00,189.00,686.00,890.00,4128.00,Keep,Check,8378563200_04/05/2016
8378563200,4/6/2016,9124,7.24,7.24,2.09,0.00,0.25,6.99,0.00,55.00,6.00,230.00,728.00,964.00,3798.00,Keep,Check,8378563200_04/06/2016
8378563200,4/7/2016,9725,7.71,7.71,2.25,2.41,0.53,4.77,0.00,83.00,11.00,181.00,670.00,862.00,3839.00,Keep,Check,8378563200_04/07/2016
8378563200,4/8/2016,8350,6.62,6.62,2.09,1.49,0.53,4.61,0.00,72.00,10.00,167.00,868.00,1045.00,3713.00,Keep,Check,8378563200_04/08/2016
8378563200,4/9/2016,2240,1.78,1.78,0.00,0.00,0.00,1.78,0.00,0.00,0.00,110.00,843.00,953.00,2606.00,Keep,Check,8378563200_04/09/2016
8378563200,4/10/2016,2631,2.09,2.09,0.00,0.00,0.00,2.09,0.00,0.00,0.00,117.00,727.00,844.00,2624.00,Keep,Check,8378563200_04/10/2016
8378563200,4/11/2016,8837,7.01,7.01,2.09,1.54,0.88,4.59,0.00,74.00,17.00,182.00,811.00,1010.00,3775.00,Keep,Check,8378563200_04/11/2016
8378563200,4/12/2016,3246,2.57,2.57,2.25,0.83,0.71,1.03,0.00,65.00,15.00,49.00,243.00,307.00,1882.00,Keep,OK,8378563200_04/12/2016
8583815059,4/1/2016,2174,1.70,1.70,0.00,0.00,0.00,1.70,0.00,0.00,0.00,112.00,1328.00,1440.00,2360.00,Keep,Check,8583815059_04/01/2016
8583815059,4/2/2016,3494,2.73,2.73,0.00,0.00,0.00,2.69,0.00,0.00,0.00,166.00,1274.00,1440.00,2517.00,Keep,Check,8583815059_04/02/2016
8583815059,4/3/2016,2380,1.86,1.86,0.00,0.00,0.00,1.86,0.00,0.00,0.00,131.00,1309.00,1440.00,2400.00,Keep,Check,8583815059_04/03/2016
8583815059,4/4/2016,3159,2.46,2.46,0.00,0.00,0.00,2.46,0.00,0.00,0.00,147.00,1293.00,1440.00,2462.00,Keep,Check,8583815059_04/04/2016
8583815059,4/5/2016,6835,5.33,5.33,0.00,0.37,0.73,4.24,0.00,5.00,15.00,212.00,1208.00,1435.00,2786.00,Keep,Check,8583815059_04/05/2016
8583815059,4/6/2016,2098,1.64,1.64,0.00,0.00,0.00,1.63,0.00,0.00,0.00,112.00,1328.00,1440.00,2354.00,Keep,Check,8583815059_04/06/2016
8583815059,4/7/2016,2816,2.20,2.20,0.00,0.00,0.00,2.20,0.00,0.00,0.00,138.00,1302.00,1440.00,2437.00,Keep,Check,8583815059_04/07/2016
8583815059,4/8/2016,1408,1.10,1.10,0.00,0.00,0.00,1.10,0.00,0.00,0.00,79.00,1052.00,1131.00,1814.00,Keep,Check,8583815059_04/08/2016
8792009665,4/1/2016,4592,2.94,2.94,0.00,0.10,0.14,2.70,0.00,4.00,8.00,176.00,748.00,932.00,2260.00,Keep,Check,8792009665_04/01/2016
8792009665,4/2/2016,8452,5.41,5.41,0.00,0.26,0.39,4.76,0.00,9.00,24.00,328.00,1079.00,1431.00,3004.00,Keep,Check,8792009665_04/02/2016
8792009665,4/3/2016,7238,4.63,4.63,0.00,0.11,0.23,4.29,0.00,2.00,6.00,279.00,636.00,921.00,2667.00,Keep,Check,8792009665_04/03/2016
8792009665,4/4/2016,3821,2.45,2.45,0.00,0.00,0.22,2.23,0.00,0.00,9.00,161.00,675.00,845.00,2229.00,Keep,Check,8792009665_04/04/2016
8792009665,4/5/2016,2332,1.49,1.49,0.00,0.01,0.18,1.30,0.00,1.00,10.00,111.00,904.00,1025.00,2100.00,Keep,Check,8792009665_04/05/2016
8792009665,4/6/2016,2121,1.36,1.36,0.00,0.00,0.00,1.36,0.00,0.00,0.00,122.00,855.00,977.00,2114.00,Keep,Check,8792009665_04/06/2016
8792009665,4/7/2016,1291,0.83,0.83,0.00,0.00,0.00,0.83,0.00,0.00,0.00,77.00,888.00,965.00,1961.00,Keep,Check,8792009665_04/07/2016
8792009665,4/8/2016,1467,0.94,0.94,0.00,0.10,0.21,0.63,0.00,2.00,8.00,71.00,912.00,991.00,1953.00,Keep,Check,8792009665_04/08/2016
8792009665,4/9/2016,1022,0.65,0.65,0.00,0.00,0.00,0.65,0.00,0.00,0.00,63.00,739.00,802.00,1890.00,Keep,Check,8792009665_04/09/2016
8792009665,4/10/2016,4605,2.95,2.95,0.00,0.00,0.00,2.95,0.00,0.00,0.00,179.00,1261.00,1440.00,2253.00,Keep,Check,8792009665_04/10/2016
8792009665,4/11/2016,178,0.11,0.11,0.00,0.00,0.00,0.11,0.00,0.00,0.00,12.00,1428.00,1440.00,1725.00,Keep,Check,8792009665_04/11/2016
8792009665,4/12/2016,20,0.01,0.01,0.00,0.00,0.00,0.01,0.00,0.00,0.00,6.00,598.00,604.00,728.00,Keep,OK,8792009665_04/12/2016
8877689391,4/1/2016,18700,15.82,15.82,0.00,8.70,0.16,6.91,0.00,67.00,3.00,247.00,1123.00,1373.00,3527.00,Keep,Check,8877689391_04/01/2016
8877689391,4/2/2016,27572,23.39,23.39,0.00,14.72,1.21,7.34,0.01,116.00,24.00,260.00,1040.00,1324.00,4220.00,Keep,Check,8877689391_04/02/2016
8877689391,4/3/2016,15260,8.19,8.19,0.00,1.80,0.75,5.57,0.00,106.00,17.00,259.00,1058.00,1334.00,3864.00,Keep,Check,8877689391_04/03/2016
8877689391,4/4/2016,20779,18.41,18.41,0.00,11.73,0.65,6.00,0.00,78.00,16.00,208.00,1138.00,1362.00,3662.00,Keep,Check,8877689391_04/04/2016
8877689391,4/5/2016,10695,8.12,8.12,0.00,0.77,0.18,7.09,0.01,10.00,3.00,246.00,1181.00,1430.00,2834.00,Keep,Check,8877689391_04/05/2016
8877689391,4/6/2016,24136,20.91,20.91,0.00,12.22,0.54,8.08,0.00,87.00,16.00,318.00,1019.00,1353.00,4039.00,Keep,Check,8877689391_04/06/2016
8877689391,4/7/2016,10910,8.42,8.42,0.00,2.96,0.39,5.03,0.00,32.00,11.00,212.00,1185.00,1408.00,2947.00,Keep,Check,8877689391_04/07/2016
8877689391,4/8/2016,23014,20.39,20.39,0.00,11.10,0.63,8.62,0.00,70.00,29.00,359.00,982.00,1370.00,4196.00,Keep,Check,8877689391_04/08/2016
8877689391,4/9/2016,16470,8.07,8.07,0.00,0.00,0.02,8.02,0.00,90.00,9.00,289.00,1052.00,1350.00,3841.00,Keep,Check,8877689391_04/09/2016
8877689391,4/10/2016,28497,27.53,27.53,0.00,21.92,1.12,4.46,0.00,128.00,46.00,211.00,1055.00,1312.00,4526.00,Keep,Check,8877689391_04/10/2016
8877689391,4/11/2016,10622,8.06,8.06,0.00,1.47,0.15,6.37,0.01,18.00,7.00,225.00,1190.00,1422.00,2820.00,Keep,Check,8877689391_04/11/2016
8877689391,4/12/2016,2350,1.78,1.78,0.00,0.00,0.00,1.78,0.00,0.00,0.00,58.00,531.00,589.00,938.00,Keep,OK,8877689391_04/12/2016
